<nfse xmlns="http://www.ctaconsult.com/nfse" xmlns:xsi="http://www.w3.org/2001/XMLSchema-instance">
  <codigoMunicipio>921</codigoMunicipio>
  <dtEmissao>2025-03-24T12:14:36</dtEmissao>
  <numeroNota>0000476</numeroNota>
  <codigoVerificacao>26311CC2D245B03816BDBE012E0831F2</codigoVerificacao>
  <prestador>
    <tipoPessoa>2</tipoPessoa>
    <cnpj>26085479000108</cnpj>
    <inscricaoMunicipal>98271382</inscricaoMunicipal>
    <razaoSocial>A. J. C. F. MONTEIRO SERVICOS MEDICOS SS LTDA</razaoSocial>
    <endereco>
      <logradouro>AV DR. JACKSON KLÃ‰PER LAGO SN APT   802 MONTE CARLO RESIGARAGE49/50</logradouro>
      <bairro>PONTA D AREIA</bairro>
      <cep>65077353</cep>
      <codigoMunipio>921</codigoMunipio>
      <descricaoMunicipio>SAO LUIS</descricaoMunicipio>
      <codigoEstado>MA</codigoEstado>
      <descricaoEstado>MA</descricaoEstado>
    </endereco>
    <email>alcides.contabil@hotmail.com</email>
    <telefoneDdd>98</telefoneDdd>
    <telefoneNumero>98126826</telefoneNumero>
  </prestador>
  <tomador>
    <tipoPessoa>2</tipoPessoa>
    <cnpj>02284062001170</cnpj>
    <inscricaoMunicipal>98239200</inscricaoMunicipal>
    <razaoSocial>HOSPITAL ESPERANCA SA</razaoSocial>
    <endereco>
      <logradouro>AV PROFESSOR CARLOS CUNHA 2000</logradouro>
      <bairro>JARACATY</bairro>
      <cep>65076820</cep>
      <codigoMunipio>921</codigoMunipio>
      <descricaoMunicipio>SAO LUIS</descricaoMunicipio>
      <codigoEstado>MA</codigoEstado>
      <descricaoEstado>MA</descricaoEstado>
    </endereco>
    <email>fiscal-rj-csc@rededor.com.br</email>
    <telefoneDdd>98</telefoneDdd>
    <telefoneNumero>32167979</telefoneNumero>
  </tomador>
  <atividadeExecutada>
    <codigoServico>0403</codigoServico>
    <descricaoServico>HOSPITAIS, CLINICAS, LABORATORIOS, SANATORIOS, MANICOMIOS, CASAS DE SAUDE, PRONTOS-SOCORROS, AMBULATORIOS E CONGENERES.</descricaoServico>
    <codigoAtividade>863050100</codigoAtividade>
    <descricaoAtividade>ATIVIDADE MEDICA AMBULATORIAL COM RECURSOS PARA REALIZACAO DE PROCEDIMENTOS CIRURGICOS</descricaoAtividade>
    <localPrestacao>
      <codigoEstado>MA</codigoEstado>
      <descricaoEstado>MA</descricaoEstado>
      <codigoMunipio>921</codigoMunipio>
      <descricaoMunicipio>SAO LUIS</descricaoMunicipio>
    </localPrestacao>
    <tipoTributacao>TRIBUTÁVEL</tipoTributacao>
    <tipoRecolhimento>RETIDO</tipoRecolhimento>
    <aliquota>5.00</aliquota>
  </atividadeExecutada>
  <detalhamentoNota>
    <descricaoNota>JUCÁ DE CASTRO FLORENCIO MONTEIRO, PROCEDIMENTOS CIRÚRGICOS RECEBIDOS EM FEVEREIRO/2025, LIBERADAS PARA PAGAMENTO EM MARÇO/2025.</descricaoNota>
    <itensServico>
      <item nItem="1">
        <tributavel>TRIBUTÁVEL</tributavel>
        <descricao>SERVIÇOS PRESTADOS</descricao>
        <quantidade>1.0000</quantidade>
        <valorUnitario>2060.75</valorUnitario>
        <valorTotal>2060.75</valorTotal>
      </item>
    </itensServico>
    <totais>
      <valotTotalNota>2060.75</valotTotalNota>
      <valorTotalServico>2060.75</valorTotalServico>
      <valorTotalDeducao>0.00</valorTotalDeducao>
      <valorTotalISS>103.04</valorTotalISS>
      <valorReducaoBC>0.00</valorReducaoBC>
    </totais>
    <impostosFederais>
      <imposto nItem="1">
        <codigoImposto>1</codigoImposto>
        <descricaoImposto>PIS</descricaoImposto>
        <tipo>1</tipo>
        <aliquota>0.6500</aliquota>
        <valorImposto>13.39</valorImposto>
      </imposto>
      <imposto nItem="2">
        <codigoImposto>2</codigoImposto>
        <descricaoImposto>COFINS</descricaoImposto>
        <tipo>2</tipo>
        <aliquota>3.0000</aliquota>
        <valorImposto>61.82</valorImposto>
      </imposto>
      <imposto nItem="3">
        <codigoImposto>3</codigoImposto>
        <descricaoImposto>INSS</descricaoImposto>
        <tipo>3</tipo>
        <aliquota>0.0000</aliquota>
        <valorImposto>0.00</valorImposto>
      </imposto>
      <imposto nItem="4">
        <codigoImposto>4</codigoImposto>
        <descricaoImposto>IR</descricaoImposto>
        <tipo>4</tipo>
        <aliquota>1.5000</aliquota>
        <valorImposto>30.91</valorImposto>
      </imposto>
      <imposto nItem="5">
        <codigoImposto>5</codigoImposto>
        <descricaoImposto>CSLL</descricaoImposto>
        <tipo>5</tipo>
        <aliquota>1.0000</aliquota>
        <valorImposto>20.61</valorImposto>
      </imposto>
    </impostosFederais>
  </detalhamentoNota>
</nfse>