<nfse xmlns="http://www.ctaconsult.com/nfse" xmlns:xsi="http://www.w3.org/2001/XMLSchema-instance">
  <codigoMunicipio>921</codigoMunicipio>
  <dtEmissao>2025-03-12T12:41:34</dtEmissao>
  <numeroNota>0000475</numeroNota>
  <codigoVerificacao>066545853BB29C0039A295594463C9B5</codigoVerificacao>
  <prestador>
    <tipoPessoa>2</tipoPessoa>
    <cnpj>26085479000108</cnpj>
    <inscricaoMunicipal>98271382</inscricaoMunicipal>
    <razaoSocial>A. J. C. F. MONTEIRO SERVICOS MEDICOS SS LTDA</razaoSocial>
    <endereco>
      <logradouro>AV DR. JACKSON KLÃ‰PER LAGO SN APT   802 MONTE CARLO RESIGARAGE49/50</logradouro>
      <bairro>PONTA D AREIA</bairro>
      <cep>65077353</cep>
      <codigoMunipio>921</codigoMunipio>
      <descricaoMunicipio>SAO LUIS</descricaoMunicipio>
      <codigoEstado>MA</codigoEstado>
      <descricaoEstado>MA</descricaoEstado>
    </endereco>
    <email>alcides.contabil@hotmail.com</email>
    <telefoneDdd>98</telefoneDdd>
    <telefoneNumero>98126826</telefoneNumero>
  </prestador>
  <tomador>
    <tipoPessoa>2</tipoPessoa>
    <cnpj>09192098000281</cnpj>
    <inscricaoMunicipal>3682400732</inscricaoMunicipal>
    <razaoSocial>HOSPITAL SAO LUIS - HSLZ LTDA</razaoSocial>
    <endereco>
      <logradouro>R CARUTAPERA, HOSPITAL DO IPEM 1</logradouro>
      <bairro>RENASCENCA</bairro>
      <cep>65075690</cep>
      <codigoMunipio>921</codigoMunipio>
      <descricaoMunicipio>SAO LUIS</descricaoMunicipio>
      <codigoEstado>MA</codigoEstado>
      <descricaoEstado>MA</descricaoEstado>
    </endereco>
    <email>contabilidade2@hospitalsaoluiz.net</email>
    <telefoneDdd>98</telefoneDdd>
    <telefoneNumero>33134200</telefoneNumero>
  </tomador>
  <atividadeExecutada>
    <codigoServico>0403</codigoServico>
    <descricaoServico>HOSPITAIS, CLINICAS, LABORATORIOS, SANATORIOS, MANICOMIOS, CASAS DE SAUDE, PRONTOS-SOCORROS, AMBULATORIOS E CONGENERES.</descricaoServico>
    <codigoAtividade>863050300</codigoAtividade>
    <descricaoAtividade>ATIVIDADE MEDICA AMBULATORIAL RESTRITA A CONSULTAS</descricaoAtividade>
    <localPrestacao>
      <codigoEstado>MA</codigoEstado>
      <descricaoEstado>MA</descricaoEstado>
      <codigoMunipio>921</codigoMunipio>
      <descricaoMunicipio>SAO LUIS</descricaoMunicipio>
    </localPrestacao>
    <tipoTributacao>TRIBUTÁVEL</tipoTributacao>
    <tipoRecolhimento>PRÓPRIO</tipoRecolhimento>
    <aliquota>5.00</aliquota>
  </atividadeExecutada>
  <detalhamentoNota>
    <descricaoNota>CONSULTAS AMBULATORIAIS EM OTORRINOLARINGOLOGIA - DEZEMBRO/2024.</descricaoNota>
    <itensServico>
      <item nItem="1">
        <tributavel>TRIBUTÁVEL</tributavel>
        <descricao>CONSULTAS AMBULATORIAIS EM OTORRINOLARINGOLOGIA - DEZEMBRO/2024.</descricao>
        <quantidade>1.0000</quantidade>
        <valorUnitario>5195.00</valorUnitario>
        <valorTotal>5195.00</valorTotal>
      </item>
    </itensServico>
    <totais>
      <valotTotalNota>5195.00</valotTotalNota>
      <valorTotalServico>5195.00</valorTotalServico>
      <valorTotalDeducao>0.00</valorTotalDeducao>
      <valorTotalISS>259.75</valorTotalISS>
      <valorReducaoBC>0.00</valorReducaoBC>
    </totais>
    <impostosFederais>
      <imposto nItem="1">
        <codigoImposto>1</codigoImposto>
        <descricaoImposto>PIS</descricaoImposto>
        <tipo>1</tipo>
        <aliquota>0.6500</aliquota>
        <valorImposto>33.77</valorImposto>
      </imposto>
      <imposto nItem="2">
        <codigoImposto>2</codigoImposto>
        <descricaoImposto>COFINS</descricaoImposto>
        <tipo>2</tipo>
        <aliquota>3.0000</aliquota>
        <valorImposto>155.85</valorImposto>
      </imposto>
      <imposto nItem="3">
        <codigoImposto>3</codigoImposto>
        <descricaoImposto>INSS</descricaoImposto>
        <tipo>3</tipo>
        <aliquota>0.0000</aliquota>
        <valorImposto>0.00</valorImposto>
      </imposto>
      <imposto nItem="4">
        <codigoImposto>4</codigoImposto>
        <descricaoImposto>IR</descricaoImposto>
        <tipo>4</tipo>
        <aliquota>1.5000</aliquota>
        <valorImposto>77.92</valorImposto>
      </imposto>
      <imposto nItem="5">
        <codigoImposto>5</codigoImposto>
        <descricaoImposto>CSLL</descricaoImposto>
        <tipo>5</tipo>
        <aliquota>1.0000</aliquota>
        <valorImposto>51.95</valorImposto>
      </imposto>
    </impostosFederais>
  </detalhamentoNota>
</nfse>