<nfse xmlns="http://www.ctaconsult.com/nfse" xmlns:xsi="http://www.w3.org/2001/XMLSchema-instance">
  <codigoMunicipio>921</codigoMunicipio>
  <dtEmissao>2025-03-10T15:01:22</dtEmissao>
  <numeroNota>0000474</numeroNota>
  <codigoVerificacao>62746DF1601BB4FD8914BB9A93879491</codigoVerificacao>
  <prestador>
    <tipoPessoa>2</tipoPessoa>
    <cnpj>26085479000108</cnpj>
    <inscricaoMunicipal>98271382</inscricaoMunicipal>
    <razaoSocial>A. J. C. F. MONTEIRO SERVICOS MEDICOS SS LTDA</razaoSocial>
    <endereco>
      <logradouro>AV DR. JACKSON KLÃ‰PER LAGO SN APT   802 MONTE CARLO RESIGARAGE49/50</logradouro>
      <bairro>PONTA D AREIA</bairro>
      <cep>65077353</cep>
      <codigoMunipio>921</codigoMunipio>
      <descricaoMunicipio>SAO LUIS</descricaoMunicipio>
      <codigoEstado>MA</codigoEstado>
      <descricaoEstado>MA</descricaoEstado>
    </endereco>
    <email>alcides.contabil@hotmail.com</email>
    <telefoneDdd>98</telefoneDdd>
    <telefoneNumero>98126826</telefoneNumero>
  </prestador>
  <tomador>
    <tipoPessoa>2</tipoPessoa>
    <cnpj>03254082000512</cnpj>
    <inscricaoMunicipal>98216779</inscricaoMunicipal>
    <razaoSocial>INSTITUTO ACQUA - ACAO, CIDADANIA, QUALIDADE URBANA E AMBIENTAL</razaoSocial>
    <endereco>
      <logradouro>R PERDIZES, PAVMTO:2 - CORPORATIVO S/N PAVMTO02</logradouro>
      <bairro>RENASCENÇA</bairro>
      <cep>65075340</cep>
      <codigoMunipio>921</codigoMunipio>
      <descricaoMunicipio>SAO LUIS</descricaoMunicipio>
      <codigoEstado>MA</codigoEstado>
      <descricaoEstado>MA</descricaoEstado>
    </endereco>
    <email>evilasio@institutoacqua.org.br</email>
    <telefoneDdd>98</telefoneDdd>
    <telefoneNumero>31905188</telefoneNumero>
  </tomador>
  <atividadeExecutada>
    <codigoServico>0403</codigoServico>
    <descricaoServico>HOSPITAIS, CLINICAS, LABORATORIOS, SANATORIOS, MANICOMIOS, CASAS DE SAUDE, PRONTOS-SOCORROS, AMBULATORIOS E CONGENERES.</descricaoServico>
    <codigoAtividade>863050300</codigoAtividade>
    <descricaoAtividade>ATIVIDADE MEDICA AMBULATORIAL RESTRITA A CONSULTAS</descricaoAtividade>
    <localPrestacao>
      <codigoEstado>MA</codigoEstado>
      <descricaoEstado>MA</descricaoEstado>
      <codigoMunipio>889</codigoMunipio>
      <descricaoMunicipio>SAO JOSE DE RIBAMAR</descricaoMunicipio>
    </localPrestacao>
    <tipoTributacao>TRIBUTÁVEL</tipoTributacao>
    <tipoRecolhimento>RETIDO</tipoRecolhimento>
    <aliquota>5.00</aliquota>
  </atividadeExecutada>
  <detalhamentoNota>
    <descricaoNota>REFERENTE AO SERVIÇO DE OTORRINOLARINGOLOGIA DA POLICLINICA DE SÃO JOSÉ DE RIBAMAR, DURANTE O PERÍODO DE 01/02/2025 A 28/02/2025. CONTRATO Nº 1320/2024
DADOS BANCÁRIOS:
BANCO 260 - NU PAGAMENTOS SA
AG: 0001
CONTA: 81293290-1
A. J. C. F. MONTEIRO SERVICOS MEDICOS SS LTDA
CNPJ: 26.085.479/0001-08</descricaoNota>
    <itensServico>
      <item nItem="1">
        <tributavel>TRIBUTÁVEL</tributavel>
        <descricao>REFERENTE AO SERVIÇO DE OTORRINOLARINGOLOGIA DA POLICLINICA DE SÃO JOSÉ DE</descricao>
        <quantidade>1.0000</quantidade>
        <valorUnitario>28000.00</valorUnitario>
        <valorTotal>28000.00</valorTotal>
      </item>
    </itensServico>
    <totais>
      <valotTotalNota>28000.00</valotTotalNota>
      <valorTotalServico>28000.00</valorTotalServico>
      <valorTotalDeducao>0.00</valorTotalDeducao>
      <valorTotalISS>1400.00</valorTotalISS>
      <valorReducaoBC>0.00</valorReducaoBC>
    </totais>
    <impostosFederais>
      <imposto nItem="1">
        <codigoImposto>1</codigoImposto>
        <descricaoImposto>PIS</descricaoImposto>
        <tipo>1</tipo>
        <aliquota>0.6500</aliquota>
        <valorImposto>182.00</valorImposto>
      </imposto>
      <imposto nItem="2">
        <codigoImposto>2</codigoImposto>
        <descricaoImposto>COFINS</descricaoImposto>
        <tipo>2</tipo>
        <aliquota>3.0000</aliquota>
        <valorImposto>840.00</valorImposto>
      </imposto>
      <imposto nItem="3">
        <codigoImposto>3</codigoImposto>
        <descricaoImposto>INSS</descricaoImposto>
        <tipo>3</tipo>
        <aliquota>0.0000</aliquota>
        <valorImposto>0.00</valorImposto>
      </imposto>
      <imposto nItem="4">
        <codigoImposto>4</codigoImposto>
        <descricaoImposto>IR</descricaoImposto>
        <tipo>4</tipo>
        <aliquota>1.5000</aliquota>
        <valorImposto>420.00</valorImposto>
      </imposto>
      <imposto nItem="5">
        <codigoImposto>5</codigoImposto>
        <descricaoImposto>CSLL</descricaoImposto>
        <tipo>5</tipo>
        <aliquota>1.0000</aliquota>
        <valorImposto>280.00</valorImposto>
      </imposto>
    </impostosFederais>
  </detalhamentoNota>
</nfse>