<nfse xmlns="http://www.ctaconsult.com/nfse" xmlns:xsi="http://www.w3.org/2001/XMLSchema-instance">
  <codigoMunicipio>921</codigoMunicipio>
  <dtEmissao>2025-03-06T15:08:10</dtEmissao>
  <numeroNota>0000470</numeroNota>
  <codigoVerificacao>E12741B8FD6261891D9B84E470ABF64F</codigoVerificacao>
  <prestador>
    <tipoPessoa>2</tipoPessoa>
    <cnpj>26085479000108</cnpj>
    <inscricaoMunicipal>98271382</inscricaoMunicipal>
    <razaoSocial>A. J. C. F. MONTEIRO SERVICOS MEDICOS SS LTDA</razaoSocial>
    <endereco>
      <logradouro>AV DR. JACKSON KLÃ‰PER LAGO SN APT   802 MONTE CARLO RESIGARAGE49/50</logradouro>
      <bairro>PONTA D AREIA</bairro>
      <cep>65077353</cep>
      <codigoMunipio>921</codigoMunipio>
      <descricaoMunicipio>SAO LUIS</descricaoMunicipio>
      <codigoEstado>MA</codigoEstado>
      <descricaoEstado>MA</descricaoEstado>
    </endereco>
    <email>alcides.contabil@hotmail.com</email>
    <telefoneDdd>98</telefoneDdd>
    <telefoneNumero>98126826</telefoneNumero>
  </prestador>
  <tomador>
    <tipoPessoa>2</tipoPessoa>
    <cnpj>05596740000822</cnpj>
    <razaoSocial>M L SERVICOS DE SAUDE LTDA</razaoSocial>
    <endereco>
      <logradouro>AV AVENIDA 13 0</logradouro>
      <bairro>CONJUNTO MAIOBAO</bairro>
      <cep>65130000</cep>
      <codigoMunipio>849</codigoMunipio>
      <descricaoMunicipio>PACO DO LUMIAR</descricaoMunicipio>
      <codigoEstado>MA</codigoEstado>
      <descricaoEstado>MA</descricaoEstado>
    </endereco>
    <email>gabriel@elloscontabilidade.com.br</email>
    <telefoneDdd>98</telefoneDdd>
    <telefoneNumero>33115555</telefoneNumero>
  </tomador>
  <atividadeExecutada>
    <codigoServico>0403</codigoServico>
    <descricaoServico>HOSPITAIS, CLINICAS, LABORATORIOS, SANATORIOS, MANICOMIOS, CASAS DE SAUDE, PRONTOS-SOCORROS, AMBULATORIOS E CONGENERES.</descricaoServico>
    <codigoAtividade>863050300</codigoAtividade>
    <descricaoAtividade>ATIVIDADE MEDICA AMBULATORIAL RESTRITA A CONSULTAS</descricaoAtividade>
    <localPrestacao>
      <codigoEstado>MA</codigoEstado>
      <descricaoEstado>MA</descricaoEstado>
      <codigoMunipio>921</codigoMunipio>
      <descricaoMunicipio>SAO LUIS</descricaoMunicipio>
    </localPrestacao>
    <tipoTributacao>TRIBUTÁVEL</tipoTributacao>
    <tipoRecolhimento>PRÓPRIO</tipoRecolhimento>
    <aliquota>5.00</aliquota>
  </atividadeExecutada>
  <detalhamentoNota>
    <descricaoNota>SERVIÇO DE AUDIOMETRIA FEVEREIRO/2025.</descricaoNota>
    <itensServico>
      <item nItem="1">
        <tributavel>TRIBUTÁVEL</tributavel>
        <descricao>SERVIÇO DE AUDIOMETRIA FEVEREIRO/2025.</descricao>
        <quantidade>1.0000</quantidade>
        <valorUnitario>3835.12</valorUnitario>
        <valorTotal>3835.12</valorTotal>
      </item>
    </itensServico>
    <totais>
      <valotTotalNota>3835.12</valotTotalNota>
      <valorTotalServico>3835.12</valorTotalServico>
      <valorTotalDeducao>0.00</valorTotalDeducao>
      <valorTotalISS>191.76</valorTotalISS>
      <valorReducaoBC>0.00</valorReducaoBC>
    </totais>
    <impostosFederais>
      <imposto nItem="1">
        <codigoImposto>1</codigoImposto>
        <descricaoImposto>PIS</descricaoImposto>
        <tipo>1</tipo>
        <aliquota>0.6500</aliquota>
        <valorImposto>24.93</valorImposto>
      </imposto>
      <imposto nItem="2">
        <codigoImposto>2</codigoImposto>
        <descricaoImposto>COFINS</descricaoImposto>
        <tipo>2</tipo>
        <aliquota>3.0000</aliquota>
        <valorImposto>115.05</valorImposto>
      </imposto>
      <imposto nItem="3">
        <codigoImposto>3</codigoImposto>
        <descricaoImposto>INSS</descricaoImposto>
        <tipo>3</tipo>
        <aliquota>0.0000</aliquota>
        <valorImposto>0.00</valorImposto>
      </imposto>
      <imposto nItem="4">
        <codigoImposto>4</codigoImposto>
        <descricaoImposto>IR</descricaoImposto>
        <tipo>4</tipo>
        <aliquota>1.5000</aliquota>
        <valorImposto>57.53</valorImposto>
      </imposto>
      <imposto nItem="5">
        <codigoImposto>5</codigoImposto>
        <descricaoImposto>CSLL</descricaoImposto>
        <tipo>5</tipo>
        <aliquota>1.0000</aliquota>
        <valorImposto>38.35</valorImposto>
      </imposto>
    </impostosFederais>
  </detalhamentoNota>
</nfse>