<nfse xmlns="http://www.ctaconsult.com/nfse" xmlns:xsi="http://www.w3.org/2001/XMLSchema-instance">
  <codigoMunicipio>921</codigoMunicipio>
  <dtEmissao>2025-03-10T14:48:38</dtEmissao>
  <numeroNota>0000472</numeroNota>
  <codigoVerificacao>D614DBCB227CF84D0392F42E5F79F3A8</codigoVerificacao>
  <prestador>
    <tipoPessoa>2</tipoPessoa>
    <cnpj>26085479000108</cnpj>
    <inscricaoMunicipal>98271382</inscricaoMunicipal>
    <razaoSocial>A. J. C. F. MONTEIRO SERVICOS MEDICOS SS LTDA</razaoSocial>
    <endereco>
      <logradouro>AV DR. JACKSON KLÃ‰PER LAGO SN APT   802 MONTE CARLO RESIGARAGE49/50</logradouro>
      <bairro>PONTA D AREIA</bairro>
      <cep>65077353</cep>
      <codigoMunipio>921</codigoMunipio>
      <descricaoMunicipio>SAO LUIS</descricaoMunicipio>
      <codigoEstado>MA</codigoEstado>
      <descricaoEstado>MA</descricaoEstado>
    </endereco>
    <email>alcides.contabil@hotmail.com</email>
    <telefoneDdd>98</telefoneDdd>
    <telefoneNumero>98126826</telefoneNumero>
  </prestador>
  <tomador>
    <tipoPessoa>2</tipoPessoa>
    <cnpj>18519709000163</cnpj>
    <inscricaoMunicipal>92740005</inscricaoMunicipal>
    <razaoSocial>EMPRESA MARANHENSE DE SERVICOS HOSPITALARES - EMSERH</razaoSocial>
    <endereco>
      <logradouro>AV BORBOREMA 25 QUADRA 16;</logradouro>
      <bairro>CALHAU</bairro>
      <cep>65071360</cep>
      <codigoMunipio>921</codigoMunipio>
      <descricaoMunicipio>SAO LUIS</descricaoMunicipio>
      <codigoEstado>MA</codigoEstado>
      <descricaoEstado>MA</descricaoEstado>
    </endereco>
    <email>nfs@emserh.ma.gov.br</email>
    <telefoneDdd>98</telefoneDdd>
    <telefoneNumero>32357333</telefoneNumero>
  </tomador>
  <atividadeExecutada>
    <codigoServico>0403</codigoServico>
    <descricaoServico>HOSPITAIS, CLINICAS, LABORATORIOS, SANATORIOS, MANICOMIOS, CASAS DE SAUDE, PRONTOS-SOCORROS, AMBULATORIOS E CONGENERES.</descricaoServico>
    <codigoAtividade>863050200</codigoAtividade>
    <descricaoAtividade>ATIVIDADE MEDICA AMBULATORIAL COM RECURSOS PARA REALIZACAO DE EXAMES COMPLEMENTARES</descricaoAtividade>
    <localPrestacao>
      <codigoEstado>MA</codigoEstado>
      <descricaoEstado>MA</descricaoEstado>
      <codigoMunipio>921</codigoMunipio>
      <descricaoMunicipio>SAO LUIS</descricaoMunicipio>
    </localPrestacao>
    <tipoTributacao>TRIBUTÁVEL</tipoTributacao>
    <tipoRecolhimento>RETIDO</tipoRecolhimento>
    <aliquota>5.00</aliquota>
  </atividadeExecutada>
  <detalhamentoNota>
    <descricaoNota>AMBULATORIO DE OTORRINOLARINGOLOGIA NO CENTRO ESPECIALIZADO EM REABILITAÇÃO - CIDADE OPERARIA, FEVEREIRO DE 2025 + EXAMES REALIZADOS (VIDEO-RINOSCOPIAS E VIDEOLARINGOSCOPIAS).</descricaoNota>
    <itensServico>
      <item nItem="1">
        <tributavel>TRIBUTÁVEL</tributavel>
        <descricao>AMBULATORIO DE OTORRINOLARINGOLOGIA NO CENTRO ESPECIALIZADO EM REABILITAÇÃO</descricao>
        <quantidade>1.0000</quantidade>
        <valorUnitario>20180.00</valorUnitario>
        <valorTotal>20180.00</valorTotal>
      </item>
    </itensServico>
    <totais>
      <valotTotalNota>20180.00</valotTotalNota>
      <valorTotalServico>20180.00</valorTotalServico>
      <valorTotalDeducao>0.00</valorTotalDeducao>
      <valorTotalISS>1009.00</valorTotalISS>
      <valorReducaoBC>0.00</valorReducaoBC>
    </totais>
    <impostosFederais>
      <imposto nItem="1">
        <codigoImposto>1</codigoImposto>
        <descricaoImposto>PIS</descricaoImposto>
        <tipo>1</tipo>
        <aliquota>0.6500</aliquota>
        <valorImposto>131.17</valorImposto>
      </imposto>
      <imposto nItem="2">
        <codigoImposto>2</codigoImposto>
        <descricaoImposto>COFINS</descricaoImposto>
        <tipo>2</tipo>
        <aliquota>3.0000</aliquota>
        <valorImposto>605.40</valorImposto>
      </imposto>
      <imposto nItem="3">
        <codigoImposto>3</codigoImposto>
        <descricaoImposto>INSS</descricaoImposto>
        <tipo>3</tipo>
        <aliquota>0.0000</aliquota>
        <valorImposto>0.00</valorImposto>
      </imposto>
      <imposto nItem="4">
        <codigoImposto>4</codigoImposto>
        <descricaoImposto>IR</descricaoImposto>
        <tipo>4</tipo>
        <aliquota>1.5000</aliquota>
        <valorImposto>302.70</valorImposto>
      </imposto>
      <imposto nItem="5">
        <codigoImposto>5</codigoImposto>
        <descricaoImposto>CSLL</descricaoImposto>
        <tipo>5</tipo>
        <aliquota>1.0000</aliquota>
        <valorImposto>201.80</valorImposto>
      </imposto>
    </impostosFederais>
  </detalhamentoNota>
</nfse>